10,ZXUAJ
524,ZXUAJ
534,ZXUAJ
537,ZXUAJ
538,ZXUAJ
547,ZXUAJ
36,ZXUAJ
51,ZXUAJ
54,ZXUAJ
569,ZXUAJ
580,ZXUAJ
70,ZXUAJ
584,ZXUAJ
74,ZXUAJ
75,ZXUAJ
78,ZXUAJ
593,ZXUAJ
112,ZXUAJ
118,ZXUAJ
633,ZXUAJ
128,ZXUAJ
641,ZXUAJ
133,ZXUAJ
138,ZXUAJ
656,ZXUAJ
152,ZXUAJ
154,ZXUAJ
156,ZXUAJ
670,ZXUAJ
678,ZXUAJ
170,ZXUAJ
685,ZXUAJ
181,ZXUAJ
696,ZXUAJ
699,ZXUAJ
191,ZXUAJ
200,ZXUAJ
713,ZXUAJ
204,ZXUAJ
719,ZXUAJ
209,ZXUAJ
722,ZXUAJ
726,ZXUAJ
548,ZXUAJ
739,ZXUAJ
238,ZXUAJ
242,ZXUAJ
756,ZXUAJ
768,ZXUAJ
770,ZXUAJ
259,ZXUAJ
268,ZXUAJ
783,ZXUAJ
279,ZXUAJ
792,ZXUAJ
645,ZXUAJ
289,ZXUAJ
807,ZXUAJ
808,ZXUAJ
300,ZXUAJ
304,ZXUAJ
821,ZXUAJ
837,ZXUAJ
328,ZXUAJ
331,ZXUAJ
848,ZXUAJ
850,ZXUAJ
856,ZXUAJ
858,ZXUAJ
347,ZXUAJ
862,ZXUAJ
356,ZXUAJ
871,ZXUAJ
873,ZXUAJ
365,ZXUAJ
882,ZXUAJ
886,ZXUAJ
376,ZXUAJ
377,ZXUAJ
389,ZXUAJ
906,ZXUAJ
914,ZXUAJ
416,ZXUAJ
435,ZXUAJ
436,ZXUAJ
440,ZXUAJ
955,ZXUAJ
447,ZXUAJ
843,ZXUAJ
452,ZXUAJ
973,ZXUAJ
471,ZXUAJ
336,ZXUAJ
994,ZXUAJ
483,ZXUAJ
